type,institution,sanction_credit,balance,emi,paid_principle,delinquecy,foir,disposable
1_CreditCard,Yes Bank,0.0,32920.0,0.0,0.0,False,,
1_CreditCard,Axis Bank Ltd.,0.0,99927.0,0.0,0.0,True,,
2_BusinessLoan,Bajaj Finance Limited,516000.0,378738.0,0.0,137262.0,True,,
3_PersonalLoan,"Si Creva capital  Services 
Private Limite",1426.0,1426.0,1426.0,0.0,True,,
4_Others,Bank of India,900000.0,812065.0,19784.0,87935.0,True,,
4_Others,Yes Bank,143000.0,142646.0,0.0,354.0,True,,
4_Others,Yes Bank,2848969.0,2087936.0,0.0,761033.0,False,,
4_Others,Union Bank of India,95000.0,95000.0,0.0,0.0,True,,
4_Others,Bank of India,450000.0,451350.0,0.0,0.0,True,,
4_Others,Bank of India,86500.0,47871.0,1442.0,38629.0,False,,
4_Others,Bank of India,33700.0,27109.0,0.0,6591.0,False,,
4_Others,Bank of India,99000.0,109311.0,0.0,0.0,False,,
4_Others,Bank of India,127300.0,134597.0,0.0,0.0,False,,
4_Others,ICICI BANK LIMITED,0.0,-572.0,0.0,572.0,False,,
4_Others,DMI Finance Private Limited,8896.0,5560.0,0.0,3336.0,False,,
4_Others,Bajaj Finance Limited,1399.0,463.0,0.0,936.0,False,,
4_Others,Muthoot Finance Limited,34500.0,34500.0,0.0,0.0,True,,
,,,,,,,10000.0,-12652.0
